M,chi,a,r_plus,r_minus,area,entropy_BH,kappa,T_H,Omega_H,area_over_16piM2,entropy_over_4piM2,kappa_over_schwarzschild,T_over_schwarzschild,omegaH_times_M,schwarzschild_limit_pass,extremal_trend_pass,monotonic_family_pass,fixed_M_family_caveat_present,all_checks_pass
1.0,0.0,0.0,2.0,0.0,50.26548245743669,12.566370614359172,0.25,0.039788735772973836,0.0,1.0,1.0,1.0,1.0,0.0,True,True,True,True,True
1.0,0.25,0.25,1.9682458365518543,0.031754163448145745,49.46741328456002,12.366853321140004,0.24596669241483377,0.03914681493378459,0.06350832689629156,0.9841229182759271,0.9841229182759271,0.9838667696593351,0.9838667696593351,0.06350832689629156,True,True,True,True,True
1.0,0.5,0.5,1.8660254037844386,0.1339745962155614,46.898333599528954,11.724583399882238,0.23205080756887728,0.03693203307305302,0.13397459621556135,0.9330127018922192,0.9330127018922192,0.9282032302755091,0.928203230275509,0.13397459621556135,True,True,True,True,True
1.0,0.75,0.75,1.6614378277661477,0.3385621722338523,41.75648699285051,10.439121748212628,0.19905584690324235,0.031680721985994566,0.22570811482256822,0.830718913883074,0.830718913883074,0.7962233876129694,0.7962233876129693,0.22570811482256822,True,True,True,True,True
1.0,0.9,0.9,1.4358898943540672,0.5641101056459328,36.08784914773249,9.021962286933123,0.15178388540374524,0.024157155643699836,0.3133945031366293,0.7179449471770336,0.7179449471770336,0.607135541614981,0.607135541614981,0.3133945031366293,True,True,True,True,True
1.0,0.99,0.99,1.141067359796659,0.858932640203341,28.67815067830628,7.16953766957657,0.06181377400094834,0.009837967683416214,0.4338043637390611,0.5705336798983295,0.5705336798983295,0.24725509600379336,0.2472550960037934,0.4338043637390611,True,True,True,True,True
