{
  "benchmark": "S4-THERMO-001 horizon known-truth guardrail",
  "generated_at_utc": "2026-05-28T15:10:08.276749+00:00",
  "rows": [
    {
      "M": 1.0,
      "chi": 0.0,
      "a": 0.0,
      "r_plus": 2.0,
      "r_minus": 0.0,
      "area": 50.26548245743669,
      "entropy_BH": 12.566370614359172,
      "kappa": 0.25,
      "T_H": 0.039788735772973836,
      "Omega_H": 0.0,
      "area_over_16piM2": 1.0,
      "entropy_over_4piM2": 1.0,
      "kappa_over_schwarzschild": 1.0,
      "T_over_schwarzschild": 1.0,
      "omegaH_times_M": 0.0,
      "schwarzschild_limit_pass": true,
      "extremal_trend_pass": true,
      "monotonic_family_pass": true,
      "fixed_M_family_caveat_present": true,
      "all_checks_pass": true
    },
    {
      "M": 1.0,
      "chi": 0.25,
      "a": 0.25,
      "r_plus": 1.9682458365518543,
      "r_minus": 0.031754163448145745,
      "area": 49.46741328456002,
      "entropy_BH": 12.366853321140004,
      "kappa": 0.24596669241483377,
      "T_H": 0.03914681493378459,
      "Omega_H": 0.06350832689629156,
      "area_over_16piM2": 0.9841229182759271,
      "entropy_over_4piM2": 0.9841229182759271,
      "kappa_over_schwarzschild": 0.9838667696593351,
      "T_over_schwarzschild": 0.9838667696593351,
      "omegaH_times_M": 0.06350832689629156,
      "schwarzschild_limit_pass": true,
      "extremal_trend_pass": true,
      "monotonic_family_pass": true,
      "fixed_M_family_caveat_present": true,
      "all_checks_pass": true
    },
    {
      "M": 1.0,
      "chi": 0.5,
      "a": 0.5,
      "r_plus": 1.8660254037844386,
      "r_minus": 0.1339745962155614,
      "area": 46.898333599528954,
      "entropy_BH": 11.724583399882238,
      "kappa": 0.23205080756887728,
      "T_H": 0.03693203307305302,
      "Omega_H": 0.13397459621556135,
      "area_over_16piM2": 0.9330127018922192,
      "entropy_over_4piM2": 0.9330127018922192,
      "kappa_over_schwarzschild": 0.9282032302755091,
      "T_over_schwarzschild": 0.928203230275509,
      "omegaH_times_M": 0.13397459621556135,
      "schwarzschild_limit_pass": true,
      "extremal_trend_pass": true,
      "monotonic_family_pass": true,
      "fixed_M_family_caveat_present": true,
      "all_checks_pass": true
    },
    {
      "M": 1.0,
      "chi": 0.75,
      "a": 0.75,
      "r_plus": 1.6614378277661477,
      "r_minus": 0.3385621722338523,
      "area": 41.75648699285051,
      "entropy_BH": 10.439121748212628,
      "kappa": 0.19905584690324235,
      "T_H": 0.031680721985994566,
      "Omega_H": 0.22570811482256822,
      "area_over_16piM2": 0.830718913883074,
      "entropy_over_4piM2": 0.830718913883074,
      "kappa_over_schwarzschild": 0.7962233876129694,
      "T_over_schwarzschild": 0.7962233876129693,
      "omegaH_times_M": 0.22570811482256822,
      "schwarzschild_limit_pass": true,
      "extremal_trend_pass": true,
      "monotonic_family_pass": true,
      "fixed_M_family_caveat_present": true,
      "all_checks_pass": true
    },
    {
      "M": 1.0,
      "chi": 0.9,
      "a": 0.9,
      "r_plus": 1.4358898943540672,
      "r_minus": 0.5641101056459328,
      "area": 36.08784914773249,
      "entropy_BH": 9.021962286933123,
      "kappa": 0.15178388540374524,
      "T_H": 0.024157155643699836,
      "Omega_H": 0.3133945031366293,
      "area_over_16piM2": 0.7179449471770336,
      "entropy_over_4piM2": 0.7179449471770336,
      "kappa_over_schwarzschild": 0.607135541614981,
      "T_over_schwarzschild": 0.607135541614981,
      "omegaH_times_M": 0.3133945031366293,
      "schwarzschild_limit_pass": true,
      "extremal_trend_pass": true,
      "monotonic_family_pass": true,
      "fixed_M_family_caveat_present": true,
      "all_checks_pass": true
    },
    {
      "M": 1.0,
      "chi": 0.99,
      "a": 0.99,
      "r_plus": 1.141067359796659,
      "r_minus": 0.858932640203341,
      "area": 28.67815067830628,
      "entropy_BH": 7.16953766957657,
      "kappa": 0.06181377400094834,
      "T_H": 0.009837967683416214,
      "Omega_H": 0.4338043637390611,
      "area_over_16piM2": 0.5705336798983295,
      "entropy_over_4piM2": 0.5705336798983295,
      "kappa_over_schwarzschild": 0.24725509600379336,
      "T_over_schwarzschild": 0.2472550960037934,
      "omegaH_times_M": 0.4338043637390611,
      "schwarzschild_limit_pass": true,
      "extremal_trend_pass": true,
      "monotonic_family_pass": true,
      "fixed_M_family_caveat_present": true,
      "all_checks_pass": true
    }
  ],
  "global_summary": {
    "total_rows": 6,
    "all_checks_pass": true,
    "schwarzschild_limit_pass": true,
    "extremal_trend_pass": true,
    "monotonic_area_decrease_pass": true,
    "monotonic_entropy_decrease_pass": true,
    "monotonic_temperature_decrease_pass": true,
    "monotonic_omegaH_increase_pass": true,
    "level_A_only": true,
    "level_B_discrete_rediscovery_claimed": false
  }
}