seed,i,j,schwarzschild_relation,local_relation,agree,delta_t,r_i,r_j,theta_i,theta_j,phi_i,phi_j,ds2_midpoint
1959,0,1,false,false,true,0.303158365302,5.72849295886,3.94606560039,1.8431787192,1.83495956384,2.00501203715,2.54082645342,11.6100884289
1959,1,9,true,false,false,2.49763895637,3.94606560039,2.80367623637,1.83495956384,1.61237090405,2.54082645342,2.60039915412,1.26594097464
1959,1,11,false,false,true,3.16608705658,3.94606560039,4.32725037599,1.83495956384,1.78916653625,2.54082645342,3.23024321833,2.80847332666
1959,5,7,false,false,true,0.914638692743,5.62063306293,5.07330833476,0.778392352689,1.07511784443,2.63047840407,3.37409301995,12.5818875783
1959,5,8,false,false,true,1.00092996401,5.62063306293,4.78889067545,0.778392352689,1.00443384755,2.63047840407,2.41521621386,2.65049424376
