{
  "summary": {
    "benchmark": "S4-K2b local cone a=0 calibration",
    "status": "local_cone_a0_calibrated_against_schwarzschild_subset",
    "generated_at_utc": "2026-05-25T17:15:42.242182+00:00",
    "command": "python3 explore/sorkin4_kerr_benchmark/run_kerr_minimal_benchmark.py",
    "N": 12,
    "seed": 1959,
    "num_seeds": 1,
    "M": 1.0,
    "a": 0.0,
    "r_min_margin": 0.35,
    "local_cone_margin_used": 0.75,
    "local_decided_pairs": 5,
    "local_true_agree": 0,
    "local_false_agree": 4,
    "local_true_disagree": 0,
    "local_false_disagree": 1,
    "local_false_positive_vs_schwarzschild": 0,
    "local_false_negative_vs_schwarzschild": 1,
    "local_undecided_pairs": 61,
    "calibration_pass": false,
    "warning": "local cone diagnostic disagrees with decided Schwarzschild benchmark pairs"
  },
  "local_decided_pair_rows": [
    {
      "seed": 1959,
      "i": 0,
      "j": 1,
      "schwarzschild_relation": "false",
      "local_relation": "false",
      "agree": true,
      "delta_t": 0.30315836530195783,
      "r_i": 5.7284929588561795,
      "r_j": 3.946065600385644,
      "theta_i": 1.8431787192043916,
      "theta_j": 1.8349595638397345,
      "phi_i": 2.005012037145261,
      "phi_j": 2.540826453418033,
      "ds2_midpoint": 11.610088428928982
    },
    {
      "seed": 1959,
      "i": 1,
      "j": 9,
      "schwarzschild_relation": "true",
      "local_relation": "false",
      "agree": false,
      "delta_t": 2.4976389563705674,
      "r_i": 3.946065600385644,
      "r_j": 2.803676236370706,
      "theta_i": 1.8349595638397345,
      "theta_j": 1.6123709040457683,
      "phi_i": 2.540826453418033,
      "phi_j": 2.6003991541190055,
      "ds2_midpoint": 1.2659409746361463
    },
    {
      "seed": 1959,
      "i": 1,
      "j": 11,
      "schwarzschild_relation": "false",
      "local_relation": "false",
      "agree": true,
      "delta_t": 3.166087056583361,
      "r_i": 3.946065600385644,
      "r_j": 4.327250375994543,
      "theta_i": 1.8349595638397345,
      "theta_j": 1.789166536250012,
      "phi_i": 2.540826453418033,
      "phi_j": 3.2302432183336216,
      "ds2_midpoint": 2.808473326661052
    },
    {
      "seed": 1959,
      "i": 5,
      "j": 7,
      "schwarzschild_relation": "false",
      "local_relation": "false",
      "agree": true,
      "delta_t": 0.9146386927425079,
      "r_i": 5.6206330629322965,
      "r_j": 5.073308334760146,
      "theta_i": 0.778392352688565,
      "theta_j": 1.0751178444308405,
      "phi_i": 2.6304784040747418,
      "phi_j": 3.3740930199512373,
      "ds2_midpoint": 12.5818875782505
    },
    {
      "seed": 1959,
      "i": 5,
      "j": 8,
      "schwarzschild_relation": "false",
      "local_relation": "false",
      "agree": true,
      "delta_t": 1.0009299640125873,
      "r_i": 5.6206330629322965,
      "r_j": 4.788890675450314,
      "theta_i": 0.778392352688565,
      "theta_j": 1.0044338475486385,
      "phi_i": 2.6304784040747418,
      "phi_j": 2.41521621386369,
      "ds2_midpoint": 2.650494243755978
    }
  ],
  "notes": [
    "Calibration compares local BL midpoint-cone decisions at a=0 against the existing Schwarzschild benchmark subset.",
    "Schwarzschild undecided reference pairs are reported but are not counted as calibration contradictions."
  ]
}