mass,horizon_radius,formal_area_16pi_M2,seed_start,seed_stop,num_seeds,N_exterior,N_interior,mean_horizon_crossing_links,std_horizon_crossing_links,min_horizon_crossing_links,max_horizon_crossing_links,nonzero_seed_count,mean_total_links,mean_solver_coverage,failed_order_check_count
0.75,1.5,28.274333882308138,1,40,40,16,8,2.775,2.3715764798968637,0,10,33,30.775,1.0,0
1.0,2.0,50.26548245743669,1,40,40,16,8,3.375,2.6427968139832467,0,11,36,32.25,1.0,0
1.25,2.5,78.53981633974483,1,40,40,16,8,3.8,2.6381811916545836,0,12,37,33.25,1.0,0
1.5,3.0,113.09733552923255,1,40,40,16,8,4.575,2.7828717182076503,0,12,39,34.9,1.0,0
1.75,3.5,153.93804002589985,1,40,40,16,8,4.9,2.4979991993593593,1,12,40,36.375,1.0,0
2.0,4.0,201.06192982974676,1,40,40,16,8,5.05,2.7472713735632306,1,12,40,36.95,1.0,0
