{
  "audit": "S4 Schwarzschild horizon-crossing direct plunging branch",
  "generated_at_utc": "2026-05-27T07:47:23.042448+00:00",
  "seed_start": 1,
  "seed_stop": 40,
  "audited_crossing_links": 16,
  "seeds_with_crossing_links": [
    1,
    4,
    8,
    16,
    19,
    21,
    23,
    28,
    31,
    32
  ],
  "all_checks_pass": true,
  "max_phi_error": 9.008546686395391e-10,
  "max_dt_refine_rel_1024_2048": 2.155219366741686e-12,
  "max_exterior_regular_minus_raw_abs": 6.661338147750939e-16,
  "scope": "Numerical branch audit only.  It checks regularity, uniqueness, and stability of the direct plunging branch used by --horizon-shooting; it is not a mathematical proof that no non-direct crossing geodesic can arrive earlier.",
  "rows": [
    {
      "seed": 1,
      "i": 1,
      "j": 2,
      "r_i": 2.6558451692158123,
      "r_j": 1.695994393533515,
      "phi_target": 0.3273352089066023,
      "c2": 0.4258906412299518,
      "c2_over_critical": 11.499047313208699,
      "positive_root_count": 0,
      "phi_value": 0.327335208954764,
      "phi_error": 4.8161696852844216e-11,
      "event_dt": 2.510499283236134,
      "null_dt_512": 1.2110167160226892,
      "null_dt_1024": 1.2110167160222371,
      "null_dt_2048": 1.2110167160222074,
      "dt_refine_abs_1024_2048": 2.9753977059954195e-14,
      "dt_refine_rel_1024_2048": 2.4569418957061342e-14,
      "horizon_integrand": 5.174010301226681,
      "regular_integrand_sample": 5.17401030122668,
      "exterior_regular_minus_raw_abs": 1.1102230246251565e-16,
      "phi_lower_c2": 0.32899772360254187,
      "phi_upper_c2": 0.32569774510513894,
      "local_phi_monotone": true,
      "related_margin": 1.2994825672139265
    },
    {
      "seed": 4,
      "i": 4,
      "j": 5,
      "r_i": 4.55503987921635,
      "r_j": 1.5775901314648484,
      "phi_target": 0.2139808860643353,
      "c2": 3.7541257313016665,
      "c2_over_critical": 101.361394745145,
      "positive_root_count": 0,
      "phi_value": 0.21398088553345485,
      "phi_error": 5.308804507109244e-10,
      "event_dt": 3.369420774940386,
      "null_dt_512": 3.032686645115943,
      "null_dt_1024": 3.03268664501134,
      "null_dt_2048": 3.032686645004804,
      "dt_refine_abs_1024_2048": 6.5361049905732216e-12,
      "dt_refine_rel_1024_2048": 2.155219366741686e-12,
      "horizon_integrand": 4.133186801878006,
      "regular_integrand_sample": 4.133186801878007,
      "exterior_regular_minus_raw_abs": 6.661338147750939e-16,
      "phi_lower_c2": 0.2150603321708844,
      "phi_upper_c2": 0.21291753329140986,
      "local_phi_monotone": true,
      "related_margin": 0.33673412993558216
    },
    {
      "seed": 8,
      "i": 2,
      "j": 6,
      "r_i": 4.064326073292169,
      "r_j": 1.496626064386099,
      "phi_target": 0.5342963031859201,
      "c2": 0.6194029441433485,
      "c2_over_critical": 16.72387949187041,
      "positive_root_count": 0,
      "phi_value": 0.5342963023575595,
      "phi_error": 8.28360602334044e-10,
      "event_dt": 3.7042405109495826,
      "null_dt_512": 2.9066260957295778,
      "null_dt_1024": 2.9066260956658887,
      "null_dt_2048": 2.9066260956619145,
      "dt_refine_abs_1024_2048": 3.97415433894821e-12,
      "dt_refine_rel_1024_2048": 1.3672740174181887e-12,
      "horizon_integrand": 4.807228969005813,
      "regular_integrand_sample": 4.807228969005814,
      "exterior_regular_minus_raw_abs": 0.0,
      "phi_lower_c2": 0.5369799747001225,
      "phi_upper_c2": 0.5316526974432073,
      "local_phi_monotone": true,
      "related_margin": 0.7976144152876681
    },
    {
      "seed": 8,
      "i": 4,
      "j": 5,
      "r_i": 3.30399789524097,
      "r_j": 1.58596813811748,
      "phi_target": 0.4634798810990235,
      "c2": 0.5012123727733155,
      "c2_over_critical": 13.53273406487952,
      "positive_root_count": 0,
      "phi_value": 0.46347988199987816,
      "phi_error": 9.008546686395391e-10,
      "event_dt": 2.0891981566522833,
      "null_dt_512": 2.0456185302151453,
      "null_dt_1024": 2.0456185302070398,
      "null_dt_2048": 2.045618530206526,
      "dt_refine_abs_1024_2048": 5.138112157965224e-13,
      "dt_refine_rel_1024_2048": 2.5117645749163604e-13,
      "horizon_integrand": 4.997581119622791,
      "regular_integrand_sample": 4.997581119622791,
      "exterior_regular_minus_raw_abs": 2.220446049250313e-16,
      "phi_lower_c2": 0.46582921820560785,
      "phi_upper_c2": 0.4611659315623893,
      "local_phi_monotone": true,
      "related_margin": 0.0435796264457573
    },
    {
      "seed": 8,
      "i": 4,
      "j": 6,
      "r_i": 3.30399789524097,
      "r_j": 1.496626064386099,
      "phi_target": 0.2840938404329448,
      "c2": 1.642147328829032,
      "c2_over_critical": 44.33797787838387,
      "positive_root_count": 0,
      "phi_value": 0.2840938401362912,
      "phi_error": 2.9665359058128615e-10,
      "event_dt": 2.2679040524799494,
      "null_dt_512": 1.9180061910939934,
      "null_dt_1024": 1.9180061910814532,
      "null_dt_2048": 1.9180061910806672,
      "dt_refine_abs_1024_2048": 7.860379014346108e-13,
      "dt_refine_rel_1024_2048": 4.0982031501771715e-13,
      "horizon_integrand": 4.304479379664756,
      "regular_integrand_sample": 4.304479379664756,
      "exterior_regular_minus_raw_abs": 0.0,
      "phi_lower_c2": 0.2855147489983138,
      "phi_upper_c2": 0.28269395722344437,
      "local_phi_monotone": true,
      "related_margin": 0.34989786139928225
    },
    {
      "seed": 16,
      "i": 3,
      "j": 4,
      "r_i": 4.203991477435078,
      "r_j": 1.5312396514783184,
      "phi_target": 0.23390080536478827,
      "c2": 3.1491054377655123,
      "c2_over_critical": 85.02584681966884,
      "positive_root_count": 0,
      "phi_value": 0.2339008061057661,
      "phi_error": 7.409778346456619e-10,
      "event_dt": 3.1208113047356716,
      "null_dt_512": 2.7386464466175746,
      "null_dt_1024": 2.7386464465470493,
      "null_dt_2048": 2.738646446542644,
      "dt_refine_abs_1024_2048": 4.405364961712621e-12,
      "dt_refine_rel_1024_2048": 1.6085920719244709e-12,
      "horizon_integrand": 4.158775248997309,
      "regular_integrand_sample": 4.158775248997309,
      "exterior_regular_minus_raw_abs": 2.220446049250313e-16,
      "phi_lower_c2": 0.23507865117118742,
      "phi_upper_c2": 0.2327404937272529,
      "local_phi_monotone": true,
      "related_margin": 0.3821648581930277
    },
    {
      "seed": 19,
      "i": 2,
      "j": 5,
      "r_i": 3.012883419062783,
      "r_j": 1.8703570283725195,
      "phi_target": 0.07486494620797345,
      "c2": 7.353950880923156,
      "c2_over_critical": 198.5566737849252,
      "positive_root_count": 0,
      "phi_value": 0.07486494605469173,
      "phi_error": 1.5328172064954515e-10,
      "event_dt": 2.3613283562042504,
      "null_dt_512": 1.156339070406825,
      "null_dt_1024": 1.1563390704061327,
      "null_dt_2048": 1.156339070406091,
      "dt_refine_abs_1024_2048": 4.1744385725905886e-14,
      "dt_refine_rel_1024_2048": 3.6100471560859577e-14,
      "horizon_integrand": 4.067990663535304,
      "regular_integrand_sample": 4.067990663535304,
      "exterior_regular_minus_raw_abs": 2.220446049250313e-16,
      "phi_lower_c2": 0.07524311878415314,
      "phi_upper_c2": 0.07449241873061227,
      "local_phi_monotone": true,
      "related_margin": 1.2049892857981594
    },
    {
      "seed": 19,
      "i": 4,
      "j": 5,
      "r_i": 4.291954025692172,
      "r_j": 1.8703570283725195,
      "phi_target": 0.22116095787328457,
      "c2": 1.8849347374038496,
      "c2_over_critical": 50.893237909903945,
      "positive_root_count": 0,
      "phi_value": 0.2211609586709378,
      "phi_error": 7.976532212516929e-10,
      "event_dt": 2.7372763414315178,
      "null_dt_512": 2.5024036231168925,
      "null_dt_1024": 2.502403623095294,
      "null_dt_2048": 2.50240362309395,
      "dt_refine_abs_1024_2048": 1.3442580382161395e-12,